,q1a.py,q1b.py,q2a.py,q2b.py,the_boilerplate.py
q1a.py,1.0,1.0,0.0784313725490196,0.09803921568627451,0.0
q1b.py,1.0,1.0,0.0784313725490196,0.09803921568627451,0.0
q2a.py,0.0784313725490196,0.0784313725490196,1.0,0.8533333333333334,0.0
q2b.py,0.09803921568627451,0.09803921568627451,0.8533333333333334,1.0,0.0
the_boilerplate.py,0.0,0.0,0.0,0.0,0.0
