,s1.cpp,s2.cpp,s3.cpp,s4.cpp
s1.cpp,1.0,0.022222222222222223,0.0,0.044444444444444446
s2.cpp,0.022222222222222223,0.9940119760479041,0.006211180124223602,0.017964071856287425
s3.cpp,0.0,0.006211180124223602,1.0,0.0
s4.cpp,0.044444444444444446,0.017964071856287425,0.0,0.9514435695538058
