,sample1.cpp,sample2.cpp,sample3.cpp
sample1.cpp,1.0,1.0,0.6801016293905596
sample2.cpp,1.0,1.0,0.6801016293905596
sample3.cpp,0.6801016293905596,0.6801016293905596,1.0
