,s1.cpp,s2.cpp,s3.cpp,s4.cpp
s1.cpp,1.0,0.0,0.020833333333333332,0.020833333333333332
s2.cpp,0.0,1.0,0.045454545454545456,0.05027932960893855
s3.cpp,0.020833333333333332,0.045454545454545456,1.0,0.022727272727272728
s4.cpp,0.020833333333333332,0.05027932960893855,0.022727272727272728,1.0
